test/matrices/4096x4096_d30.mtx,4096,4096,5033165,0,0,0,0,0,4096,0,0,0,5033165,5282816,0,0,0,0.049601,256,31770948,25.589000,0.051574,195.182262,0.051174,196.707899,620.841599,817.389417,30231762,4.734000,0.092986,108.256404,325.121653,433.289958
test/matrices/4096x4096_d50.mtx,4096,4096,8388608,0,0,0,0,0,4096,0,0,0,8388608,8908800,0,0,0,0.062012,256,53555180,42.493000,0.083271,201.477297,0.082769,202.699271,647.043942,849.644239,50364420,4.784000,0.214774,78.115675,234.499614,312.577146
test/matrices/4096x4096_d70.mtx,4096,4096,11744051,0,0,0,0,0,4096,0,0,0,11744051,12535808,0,0,0,0.067418,256,75345564,60.019000,0.115147,203.983621,0.114490,205.154179,658.097336,863.179963,70497078,4.849000,0.408053,57.561400,172.764513,230.305838
test/matrices/4096x11008_d30.mtx,4096,11008,13526630,0,0,0,0,0,4096,0,0,0,13526630,13929472,0,0,0,0.029781,256,83732260,68.002000,0.127850,211.601564,0.127031,212.965811,659.148239,871.940739,81206376,4.840000,0.540734,50.030625,150.178047,200.167957
test/matrices/4096x11008_d50.mtx,4096,11008,22544384,0,0,0,0,0,4096,0,0,0,22544384,23068672,0,0,0,0.023256,256,138638860,112.099000,0.209350,215.375056,0.207571,217.220941,667.910546,885.025423,135312900,4.822000,2.071170,21.769709,65.331624,87.090703
test/matrices/4096x11008_d70.mtx,4096,11008,31562138,0,0,0,0,0,4096,0,0,0,31562138,32186368,0,0,0,0.019778,256,193416268,151.830000,0.290411,217.361863,0.288287,218.963311,670.915678,889.802620,189419424,4.780000,4.206637,15.005877,45.028707,60.029350
test/matrices/5120x5120_d30.mtx,5120,5120,7864320,0,0,0,0,0,5120,0,0,0,7864320,8507392,0,0,0,0.081771,256,51151788,40.171000,0.079952,196.726036,0.079510,197.819645,643.337794,841.028650,47226884,4.903000,0.167478,93.914663,281.988584,375.842105
test/matrices/5120x5120_d50.mtx,5120,5120,13107200,0,0,0,0,0,5120,0,0,0,13107200,13758464,0,0,0,0.049688,256,82699244,65.360000,0.126227,207.676646,0.125459,208.947943,659.173467,868.039790,78684164,4.832000,0.400909,65.387407,196.264399,261.626264
test/matrices/5120x5120_d70.mtx,5120,5120,18350080,0,0,0,0,0,5120,0,0,0,18350080,18994176,0,0,0,0.035100,256,114154420,90.834000,0.172722,212.481097,0.171741,213.694808,664.689387,878.324570,110141444,4.842000,0.796341,46.085986,138.309398,184.382525
test/matrices/4096x4096_d30.mtx,4096,4096,5033165,0,0,0,0,0,4096,0,0,0,5033165,5282816,0,0,0,0.049601,256,31770948,26.038000,0.051542,195.303442,0.051121,196.911837,621.485260,818.236850,30231762,4.740000,0.093061,108.169158,324.859630,432.940759
test/matrices/4096x4096_d50.mtx,4096,4096,8388608,0,0,0,0,0,4096,0,0,0,8388608,8908800,0,0,0,0.062012,256,53555180,42.710000,0.083183,201.690442,0.082748,202.750713,647.208150,849.859864,50364420,4.748000,0.218490,76.787112,230.511328,307.260946
test/matrices/4096x4096_d70.mtx,4096,4096,11744051,0,0,0,0,0,4096,0,0,0,11744051,12535808,0,0,0,0.067418,256,75345564,60.142000,0.115104,204.059824,0.114479,205.173892,658.160571,863.262904,70497078,4.844000,0.417364,56.277259,168.910299,225.167930
test/matrices/4096x11008_d30.mtx,4096,11008,13526630,0,0,0,0,0,4096,0,0,0,13526630,13929472,0,0,0,0.029781,256,83732260,67.746000,0.127887,211.540344,0.127100,212.850197,658.790401,871.467380,81206376,4.868000,0.528811,51.158656,153.564082,204.681105
test/matrices/4096x11008_d50.mtx,4096,11008,22544384,0,0,0,0,0,4096,0,0,0,22544384,23068672,0,0,0,0.023256,256,138638860,112.150000,0.209300,215.426507,0.207632,217.157124,667.714321,884.765412,135312900,4.793000,2.071104,21.770403,65.333706,87.093479
test/matrices/4096x11008_d70.mtx,4096,11008,31562138,0,0,0,0,0,4096,0,0,0,31562138,32186368,0,0,0,0.019778,256,193416268,153.980000,0.290331,217.421757,0.288111,219.097070,671.325524,890.346179,189419424,4.823000,4.207475,15.002888,45.019738,60.017394
test/matrices/5120x5120_d30.mtx,5120,5120,7864320,0,0,0,0,0,5120,0,0,0,7864320,8507392,0,0,0,0.081771,256,51151788,40.567000,0.079981,196.654705,0.079581,197.643156,642.763826,840.278308,47226884,4.815000,0.161277,97.525624,292.830869,390.292999
test/matrices/5120x5120_d50.mtx,5120,5120,13107200,0,0,0,0,0,5120,0,0,0,13107200,13758464,0,0,0,0.049688,256,82699244,65.852000,0.126180,207.754002,0.125476,208.919634,659.084160,867.922184,78684164,4.782000,0.398486,65.784996,197.457788,263.217087
test/matrices/5120x5120_d70.mtx,5120,5120,18350080,0,0,0,0,0,5120,0,0,0,18350080,18994176,0,0,0,0.035100,256,114154420,91.570000,0.172839,212.337262,0.171736,213.701029,664.708739,878.350142,110141444,4.819000,0.782692,46.889658,140.721311,187.597885
test/matrices/5120x13824_d30.mtx,5120,13824,21233664,0,0,0,0,0,5120,0,0,0,21233664,22057984,0,0,0,0.038821,256,132578612,105.632000,0.200197,212.127694,0.198808,213.609754,666.867591,880.338276,127460356,4.805000,1.290119,32.917373,98.797364,131.693306
test/matrices/5120x13824_d50.mtx,5120,13824,35389440,0,0,0,0,0,5120,0,0,0,35389440,36039680,0,0,0,0.018374,256,216578020,172.861000,0.324916,217.837472,0.322039,219.783567,672.521092,892.218806,212395012,4.830000,4.222619,16.761844,50.299355,67.054651
test/matrices/5120x13824_d70.mtx,5120,13824,49545216,0,0,0,0,0,5120,0,0,0,49545216,50029568,0,0,0,0.009776,256,300626644,243.023000,0.449034,220.674675,0.446181,222.085728,673.777333,895.801094,297329668,4.831000,8.238427,12.027834,36.090587,48.115065
/gpfs/gibbs/pi/panda/ry263/dasp_matrices/7168x7168_d30.mtx,7168,7168,15414067,0,0,0,0,0,7168,0,0,0,15414067,16504832,0,0,0,0.070764,256,99215292,78.138000,0.151109,204.012560,0.150126,205.348401,660.880141,866.133048,92541750,4.829000,0.398230,77.412887,232.382668,309.759556
/gpfs/gibbs/pi/panda/ry263/dasp_matrices/7168x7168_d50.mtx,7168,7168,25690112,0,0,0,0,0,7168,0,0,0,25690112,26600448,0,0,0,0.035435,256,159867860,127.149000,0.241395,212.847093,0.239401,214.619922,667.782758,882.342797,154198020,4.813000,1.079310,47.604696,142.867221,190.458634
/gpfs/gibbs/pi/panda/ry263/dasp_matrices/7168x7168_d70.mtx,7168,7168,35966157,0,0,0,0,0,7168,0,0,0,35966157,36707328,0,0,0,0.020607,256,220588100,177.865000,0.330992,217.323422,0.328223,219.156835,672.067771,891.180929,215854290,4.800000,2.855862,25.187602,75.582885,100.765467
/gpfs/gibbs/pi/panda/ry263/dasp_matrices/7168x28672_d30.mtx,7168,28672,61656269,0,0,0,0,0,7168,0,0,0,61656269,62513152,0,0,0,0.013898,256,375667660,299.377000,0.560890,219.851554,0.556696,221.507857,674.816525,896.221374,370037970,4.789000,9.084898,13.573354,40.731109,54.298151
/gpfs/gibbs/pi/panda/ry263/dasp_matrices/7168x28672_d50.mtx,7168,28672,102760448,0,0,0,0,0,7168,0,0,0,102760448,103670784,0,0,0,0.008859,256,622934996,495.600000,0.927288,221.636531,0.919886,223.419963,677.187169,900.544794,616663044,4.829000,25.290645,8.126360,24.383049,32.507142
/gpfs/gibbs/pi/panda/ry263/dasp_matrices/7168x28672_d70.mtx,7168,28672,143864627,0,0,0,0,0,7168,0,0,0,143864627,144830464,0,0,0,0.006714,256,870214636,683.329000,1.291917,222.714969,1.282000,224.437796,678.794568,903.187633,863288118,4.854000,48.822311,5.893397,17.682246,23.574468
test/matrices/5120x13824_d60.mtx,5120,13824,42467328,0,0,0,0,0,5120,0,0,0,42467328,43209728,0,0,0,0.017482,256,259654324,207.665000,0.388874,218.411763,0.385919,220.084152,672.820784,892.833294,254862340,4.827000,6.053596,14.030447,42.100983,56.126862
test/matrices/5120x13824_d35.mtx,5120,13824,24772608,0,0,0,0,0,5120,0,0,0,24772608,25316352,0,0,0,0.021949,256,152154276,121.976000,0.228951,216.400959,0.227470,217.809891,668.898211,886.586556,148694020,4.829000,1.869041,26.508362,79.556318,106.049888
test/matrices/5120x5120_d60.mtx,5120,5120,15728640,0,0,0,0,0,5120,0,0,0,15728640,16380928,0,0,0,0.041471,256,98454516,79.005000,0.149365,210.606769,0.148424,211.942004,663.332857,875.205870,94412804,4.847000,0.577660,54.456393,163.440093,217.878759
test/matrices/5120x5120_d35.mtx,5120,5120,9175040,0,0,0,0,0,5120,0,0,0,9175040,9826304,0,0,0,0.070982,256,59075564,46.492000,0.091560,200.415902,0.091152,201.312972,648.099482,849.300114,55091204,4.745000,0.209137,87.741911,263.421604,351.114552
